-- Normalized schema to 3NF

-- Customers table
CREATE TABLE Customers (
    customer_id VARCHAR(10) PRIMARY KEY,
    customer_name VARCHAR(100) NOT NULL,
    customer_email VARCHAR(100) NOT NULL,
    customer_city VARCHAR(50) NOT NULL
);
sqlite3 test.db ".read part1-rdbms/schema_design.sql"
-- Products table
CREATE TABLE Products (
    product_id VARCHAR(10) PRIMARY KEY,
    product_name VARCHAR(100) NOT NULL,
    category VARCHAR(50) NOT NULL,
    unit_price DECIMAL(10,2) NOT NULL
);

-- Sales_Reps table
CREATE TABLE Sales_Reps (
    sales_rep_id VARCHAR(10) PRIMARY KEY,
    sales_rep_name VARCHAR(100) NOT NULL,
    sales_rep_email VARCHAR(100) NOT NULL,
    office_address VARCHAR(200) NOT NULL
);

-- Orders table
CREATE TABLE Orders (
    order_id VARCHAR(10) PRIMARY KEY,
    order_date DATE NOT NULL,
    customer_id VARCHAR(10) NOT NULL,
    sales_rep_id VARCHAR(10) NOT NULL,
    FOREIGN KEY (customer_id) REFERENCES Customers(customer_id),
    FOREIGN KEY (sales_rep_id) REFERENCES Sales_Reps(sales_rep_id)
);

-- Order_Items table
CREATE TABLE Order_Items (
    order_id VARCHAR(10),
    product_id VARCHAR(10),
    quantity INT NOT NULL,
    PRIMARY KEY (order_id, product_id),
    FOREIGN KEY (order_id) REFERENCES Orders(order_id),
    FOREIGN KEY (product_id) REFERENCES Products(product_id)
);

-- Insert data

-- Insert Customers
INSERT INTO Customers (customer_id, customer_name, customer_email, customer_city) VALUES
('C001', 'Rohan Mehta', 'rohan@gmail.com', 'Mumbai'),
('C002', 'Priya Sharma', 'priya@gmail.com', 'Delhi'),
('C003', 'Amit Verma', 'amit@gmail.com', 'Bangalore'),
('C004', 'Sneha Iyer', 'sneha@gmail.com', 'Chennai'),
('C005', 'Vikram Singh', 'vikram@gmail.com', 'Mumbai'),
('C006', 'Neha Gupta', 'neha@gmail.com', 'Delhi'),
('C007', 'Arjun Nair', 'arjun@gmail.com', 'Bangalore'),
('C008', 'Kavya Rao', 'kavya@gmail.com', 'Hyderabad');

-- Insert Products
INSERT INTO Products (product_id, product_name, category, unit_price) VALUES
('P001', 'Laptop', 'Electronics', 55000.00),
('P002', 'Mouse', 'Electronics', 800.00),
('P003', 'Desk Chair', 'Furniture', 8500.00),
('P004', 'Notebook', 'Stationery', 120.00),
('P005', 'Headphones', 'Electronics', 3200.00),
('P006', 'Standing Desk', 'Furniture', 22000.00),
('P007', 'Pen Set', 'Stationery', 250.00),
('P008', 'Webcam', 'Electronics', 2100.00);

-- Insert Sales Reps
INSERT INTO Sales_Reps (sales_rep_id, sales_rep_name, sales_rep_email, office_address) VALUES
('SR01', 'Deepak Joshi', 'deepak@corp.com', 'Mumbai HQ, Nariman Point, Mumbai - 400021'),
('SR02', 'Anita Desai', 'anita@corp.com', 'Delhi Office, Connaught Place, New Delhi - 110001'),
('SR03', 'Ravi Kumar', 'ravi@corp.com', 'South Zone, MG Road, Bangalore - 560001');

-- Insert Orders (first 5 from CSV)
INSERT INTO Orders (order_id, order_date, customer_id, sales_rep_id) VALUES
('ORD1027', '2023-11-02', 'C002', 'SR02'),
('ORD1114', '2023-08-06', 'C001', 'SR01'),
('ORD1153', '2023-02-14', 'C006', 'SR01'),
('ORD1002', '2023-01-17', 'C002', 'SR02'),
('ORD1118', '2023-11-10', 'C006', 'SR02');

-- Insert Order Items (corresponding to above orders)
INSERT INTO Order_Items (order_id, product_id, quantity) VALUES
('ORD1027', 'P004', 4),
('ORD1114', 'P007', 2),
('ORD1153', 'P007', 3),
('ORD1002', 'P005', 1),
('ORD1118', 'P007', 5);